Country,shipments,late,avg_delay,late_rate
Burundi,98,38,-8.448979591836734,0.3877551020408163
"Congo, DRC",333,83,11.24024024024024,0.24924924924924924
Mozambique,631,116,-1.2091917591125199,0.1838351822503962
Zambia,683,108,-5.234260614934114,0.1581259150805271
Zimbabwe,538,77,-11.007434944237918,0.14312267657992564
Ghana,58,8,-0.22413793103448276,0.13793103448275862
South Sudan,164,21,-1.0670731707317074,0.12804878048780488
Tanzania,519,66,-4.394990366088632,0.12716763005780346
Kenya,111,14,0.8918918918918919,0.12612612612612611
Uganda,779,98,-7.581514762516046,0.1258023106546855
Côte d'Ivoire,1083,134,-5.3804247460757155,0.123730378578024
Nigeria,1194,142,-11.224455611390285,0.11892797319932999
