Vendor,shipments,late,avg_delay,late_rate
SCMS from RDC,5404,927,-8.284048852701703,0.17153960029607698
Aurobindo Pharma Limited,668,94,4.411676646706587,0.1407185628742515
CIPLA LIMITED,175,23,4.777142857142858,0.13142857142857142
"Orgenics, Ltd",754,98,0.8381962864721485,0.129973474801061
STRIDES ARCOLAB LIMITED,93,4,0.978494623655914,0.043010752688172046
"Standard Diagnostics, Inc.",98,4,0.25510204081632654,0.04081632653061224
"SHANGHAI KEHUA BIOENGINEERING CO.,LTD.  (KHB)",70,2,1.0571428571428572,0.02857142857142857
Orasure Technologies Inc.,56,1,0.5,0.017857142857142856
S. BUYS WHOLESALER,715,11,-28.678321678321677,0.015384615384615385
MERCK SHARP & DOHME IDEA GMBH (FORMALLY MERCK SHARP & DOHME B.V.),68,1,-1.1323529411764706,0.014705882352941176
ABBVIE LOGISTICS (FORMERLY ABBOTT LOGISTICS BV),347,4,0.29394812680115273,0.011527377521613832
"CHEMBIO DIAGNOSTIC SYSTEMS, INC.",109,1,-4.1192660550458715,0.009174311926605505
