Vendor,shipments,total_value_usd,on_time_rate,avg_delay_days,p90_delay_days,median_usd_per_kg,ot_rank,cost_rank,composite
PHARMACY DIRECT,326,873335.66,1.0,0.0,0.0,,0.9705882352941176,,0.9705882352941176
BRISTOL-MYERS SQUIBB,67,1971067.13,1.0,0.0,0.0,8.369758990773864,0.9705882352941176,0.4666666666666667,0.8194117647058823
HETERO LABS LIMITED,277,42881567.05,0.9927797833935018,-0.20938628158844766,0.0,4.046642361358192,0.7647058823529411,0.8666666666666667,0.7952941176470587
MYLAN LABORATORIES LTD (FORMERLY MATRIX LABORATORIES),317,72213665.51,0.9936908517350158,-0.6151419558359621,0.0,5.3988992609879425,0.8235294117647058,0.5333333333333333,0.7364705882352941
"Trinity Biotech, Plc",356,20769341.25,0.9971910112359551,0.08426966292134831,0.0,15.04304347826087,0.8823529411764706,0.1333333333333333,0.6576470588235294
MERCK SHARP & DOHME IDEA GMBH (FORMALLY MERCK SHARP & DOHME B.V.),68,8776716.72,0.9852941176470589,-1.1323529411764706,0.0,4.454133356915458,0.5882352941176471,0.7333333333333334,0.6317647058823529
"CHEMBIO DIAGNOSTIC SYSTEMS, INC.",109,8520709.6,0.9908256880733946,-4.1192660550458715,0.0,9.375661861074706,0.7058823529411765,0.4,0.6141176470588235
ABBVIE LOGISTICS (FORMERLY ABBOTT LOGISTICS BV),347,29448061.22,0.9884726224783862,0.29394812680115273,0.0,11.528687258687258,0.6470588235294118,0.2666666666666667,0.5329411764705883
S. BUYS WHOLESALER,715,9891003.64,0.9846153846153847,-28.678321678321677,0.0,,0.5294117647058824,,0.5294117647058824
STRIDES ARCOLAB LIMITED,93,22485465.06,0.956989247311828,0.978494623655914,0.0,4.295690221111073,0.29411764705882354,0.8,0.44588235294117645
CIPLA LIMITED,175,39658694.6,0.8685714285714285,4.777142857142858,14.0,4.015352813852814,0.17647058823529413,0.9333333333333333,0.40352941176470586
"SHANGHAI KEHUA BIOENGINEERING CO.,LTD.  (KHB)",70,7325764.5,0.9714285714285714,1.0571428571428572,0.0,12.109739751336452,0.4117647058823529,0.19999999999999996,0.34823529411764703
"Standard Diagnostics, Inc.",98,8887045.9,0.9591836734693877,0.25510204081632654,0.0,10.584032634032635,0.35294117647058826,0.33333333333333337,0.34705882352941175
Orasure Technologies Inc.,56,1581202.5,0.9821428571428571,0.5,0.0,31.133506944444445,0.47058823529411764,0.0,0.32941176470588235
Aurobindo Pharma Limited,668,91383710.67,0.8592814371257484,4.411676646706587,8.0,5.111862961793496,0.11764705882352941,0.6,0.26235294117647057
SCMS from RDC,5404,1085372434.95,0.828460399703923,-8.284048852701703,9.0,5.0502,0.058823529411764705,0.6666666666666667,0.2411764705882353
"Orgenics, Ltd",754,147703351.01,0.870026525198939,0.8381962864721485,3.0,17.2308784215912,0.23529411764705882,0.06666666666666665,0.18470588235294116
