,0
Pack Price,0.11648585323322704
Line Item Quantity,0.10552662630282403
Line Item Value,0.1041634161007131
Unit Price,0.0832722272150388
weight_kg,0.07423923698599016
po_to_sched_days,0.03805664569465755
Vendor INCO Term_N/A - From RDC,0.030322755498226668
Fulfill Via_From RDC,0.030229878080845676
Country_Nigeria,0.02926493960296347
Fulfill Via_Direct Drop,0.028819371054589586
Vendor_SCMS from RDC,0.02415517214779607
po_date_missing,0.01928113336742889
Shipment Mode_Unknown,0.01924057410160738
Shipment Mode_Truck,0.018777482426189963
"Vendor_Orgenics, Ltd",0.015603479804611792
Vendor INCO Term_EXW,0.014481602455601579
Vendor_Aurobindo Pharma Limited,0.014465697261840329
Vendor INCO Term_DDP,0.01404142306403917
First Line Designation_No,0.012713435153111304
"Country_Congo, DRC",0.012515048283347215
Country_South Africa,0.01225316925882945
Country_Vietnam,0.011063101584498478
First Line Designation_Yes,0.010431412877028947
Shipment Mode_Air,0.010338891066353245
Shipment Mode_Ocean,0.009121283277367566
Country_Burundi,0.008159213027017248
Product Group_HRDT,0.008120548909369005
Sub Classification_Adult,0.007854981913464768
weight_missing,0.006980536665592156
Product Group_ARV,0.006902621528482009
Country_Mozambique,0.006424510115820213
Sub Classification_Pediatric,0.006148331482639987
Vendor_S. BUYS WHOLESALER,0.006066115941449482
Sub Classification_HIV test,0.005792215185075062
Country_Côte d'Ivoire,0.005725935389625031
Country_Uganda,0.0054540231979943584
Country_Tanzania,0.005402575135120457
Shipment Mode_Air Charter,0.004711411496925876
Country_Haiti,0.004654842575059863
Country_Zimbabwe,0.0040479156429694034
